{
  "hash": "a5da27e7",
  "configHash": "e0dfa55e",
  "lockfileHash": "571b4830",
  "browserHash": "ef8faf5e",
  "optimized": {
    "@angular/common": {
      "src": "../../../../../node_modules/@angular/common/fesm2022/common.mjs",
      "file": "@angular_common.js",
      "fileHash": "0aff5bf1",
      "needsInterop": false
    },
    "@angular/common/http": {
      "src": "../../../../../node_modules/@angular/common/fesm2022/http.mjs",
      "file": "@angular_common_http.js",
      "fileHash": "789559f0",
      "needsInterop": false
    },
    "@angular/core": {
      "src": "../../../../../node_modules/@angular/core/fesm2022/core.mjs",
      "file": "@angular_core.js",
      "fileHash": "af67769e",
      "needsInterop": false
    },
    "@angular/forms": {
      "src": "../../../../../node_modules/@angular/forms/fesm2022/forms.mjs",
      "file": "@angular_forms.js",
      "fileHash": "7f71b508",
      "needsInterop": false
    },
    "@angular/material/button": {
      "src": "../../../../../node_modules/@angular/material/fesm2022/button.mjs",
      "file": "@angular_material_button.js",
      "fileHash": "e7c954b9",
      "needsInterop": false
    },
    "@angular/material/core": {
      "src": "../../../../../node_modules/@angular/material/fesm2022/core.mjs",
      "file": "@angular_material_core.js",
      "fileHash": "e25e8a67",
      "needsInterop": false
    },
    "@angular/material/datepicker": {
      "src": "../../../../../node_modules/@angular/material/fesm2022/datepicker.mjs",
      "file": "@angular_material_datepicker.js",
      "fileHash": "5609d2f5",
      "needsInterop": false
    },
    "@angular/material/dialog": {
      "src": "../../../../../node_modules/@angular/material/fesm2022/dialog.mjs",
      "file": "@angular_material_dialog.js",
      "fileHash": "62ccf3a9",
      "needsInterop": false
    },
    "@angular/material/form-field": {
      "src": "../../../../../node_modules/@angular/material/fesm2022/form-field.mjs",
      "file": "@angular_material_form-field.js",
      "fileHash": "384f4420",
      "needsInterop": false
    },
    "@angular/material/icon": {
      "src": "../../../../../node_modules/@angular/material/fesm2022/icon.mjs",
      "file": "@angular_material_icon.js",
      "fileHash": "b3854fc4",
      "needsInterop": false
    },
    "@angular/material/input": {
      "src": "../../../../../node_modules/@angular/material/fesm2022/input.mjs",
      "file": "@angular_material_input.js",
      "fileHash": "b32855aa",
      "needsInterop": false
    },
    "@angular/material/menu": {
      "src": "../../../../../node_modules/@angular/material/fesm2022/menu.mjs",
      "file": "@angular_material_menu.js",
      "fileHash": "db37e99f",
      "needsInterop": false
    },
    "@angular/material/select": {
      "src": "../../../../../node_modules/@angular/material/fesm2022/select.mjs",
      "file": "@angular_material_select.js",
      "fileHash": "f146eb3d",
      "needsInterop": false
    },
    "@angular/platform-browser": {
      "src": "../../../../../node_modules/@angular/platform-browser/fesm2022/platform-browser.mjs",
      "file": "@angular_platform-browser.js",
      "fileHash": "582ecacb",
      "needsInterop": false
    },
    "@angular/platform-browser/animations": {
      "src": "../../../../../node_modules/@angular/platform-browser/fesm2022/animations.mjs",
      "file": "@angular_platform-browser_animations.js",
      "fileHash": "1613222a",
      "needsInterop": false
    }
  },
  "chunks": {
    "chunk-3YXFNUZO": {
      "file": "chunk-3YXFNUZO.js"
    },
    "chunk-I2HAAGVF": {
      "file": "chunk-I2HAAGVF.js"
    },
    "chunk-YIB54KZT": {
      "file": "chunk-YIB54KZT.js"
    },
    "chunk-JAA2ZODX": {
      "file": "chunk-JAA2ZODX.js"
    },
    "chunk-E2B5BYSG": {
      "file": "chunk-E2B5BYSG.js"
    },
    "chunk-VTKVKKTO": {
      "file": "chunk-VTKVKKTO.js"
    },
    "chunk-ZDIW4TV5": {
      "file": "chunk-ZDIW4TV5.js"
    },
    "chunk-XSN2GOAQ": {
      "file": "chunk-XSN2GOAQ.js"
    },
    "chunk-LCVTFI64": {
      "file": "chunk-LCVTFI64.js"
    },
    "chunk-JXKPFRFT": {
      "file": "chunk-JXKPFRFT.js"
    },
    "chunk-7T36G64E": {
      "file": "chunk-7T36G64E.js"
    }
  }
}